{"cameraMode":{"drawMode":0,"name":"Shaded","section":"Shading Mode"},"sceneLighting":true,"audioPlay":false,"sceneViewState":{"m_AlwaysRefresh":false,"showFog":true,"showSkybox":true,"showFlares":true,"showImageEffects":true,"showParticleSystems":true,"showVisualEffectGraphs":true,"m_FxEnabled":true},"in2DMode":false,"pivot":{"x":-1.0366268157958985,"y":1.0449609756469727,"z":-0.6650619506835938},"rotation":{"x":-0.025851765647530557,"y":0.9714080095291138,"z":-0.19975699484348298,"w":-0.12571416795253755},"size":6.957728862762451,"orthographic":false}