{"cameraMode":{"drawMode":0,"name":"Shaded","section":"Shading Mode"},"sceneLighting":true,"audioPlay":false,"sceneViewState":{"m_AlwaysRefresh":false,"showFog":true,"showSkybox":true,"showFlares":true,"showImageEffects":true,"showParticleSystems":true,"showVisualEffectGraphs":true,"m_FxEnabled":true},"in2DMode":false,"pivot":{"x":2.3253557682037355,"y":-11.522302627563477,"z":-4.151185512542725},"rotation":{"x":0.6633854508399963,"y":-0.008978606201708317,"z":0.007961008697748185,"w":0.7481812834739685},"size":17.35932159423828,"orthographic":false}