{"cameraMode":{"drawMode":0,"name":"Shaded","section":"Shading Mode"},"sceneLighting":true,"audioPlay":false,"sceneViewState":{"m_AlwaysRefresh":false,"showFog":true,"showSkybox":true,"showFlares":true,"showImageEffects":true,"showParticleSystems":true,"showVisualEffectGraphs":true,"m_FxEnabled":true},"in2DMode":false,"pivot":{"x":-0.2860536277294159,"y":-7.520397186279297,"z":6.160335540771484},"rotation":{"x":0.4915562570095062,"y":0.007837384939193726,"z":-0.0044241417199373249,"w":0.8708001375198364},"size":16.626707077026368,"orthographic":false}