{"cameraMode":{"drawMode":0,"name":"Shaded","section":"Shading Mode"},"sceneLighting":false,"audioPlay":false,"sceneViewState":{"m_AlwaysRefresh":false,"showFog":true,"showSkybox":false,"showFlares":true,"showImageEffects":true,"showParticleSystems":true,"showVisualEffectGraphs":true,"m_FxEnabled":true},"in2DMode":false,"pivot":{"x":-0.22543108463287354,"y":-0.36055195331573489,"z":9.601669311523438},"rotation":{"x":0.2510409355163574,"y":-0.6389837265014648,"z":0.23288537561893464,"w":0.6887986063957214},"size":1.4660253524780274,"orthographic":false}